topic,rule
topic1 , 承储企业 企业决策层 商贸企业 支持机械行业高成长性企业 企业技术创新工作四、支持机械行业高成长性企业促销增产（二）已组建企业技术中心，且正常运行一年以上。（四）企业技术中心必须在企业组织结构中独立设置，企业决策层高度重视企业技术创新工作，企业具有较好的技术创新机制，企业技术中心组织体系健全，创新效率和效益显著。
topic2,  中医药产业众创空间 创业资助 中医药创业团队 中医药产业孵化器 企业（一）市级中医药（南药）产业众创空间需同时满足以下条件：（二）市级中医药（南药）产业孵化器需同时满足以下条件：
topic3,  革命老区 老工业城市 大运河 工业遗产项目 黄河（五）老工业城市、大运河沿线、黄河沿线、革命老区的工业遗产项目优先推荐；
topic4,（一）本次申报均以指南中的课题为单元进行申报。牵头申报单位应为山东省境内依法注册的具有独立法人资格的企业、高校、科研院所、社会研发机构等。（一）本次项目申报均以指南中的课题为单元进行申报。牵头申报单位须为山东省境内依法注册成立的具有独立法人资格的单位。各级行政机关单位不得牵头或参与项目申报。（一）本次项目申报均以《2021年省重大科技创新工程项目指南（第一批）》（以下简称“指南”）中的课题为单元进行申报。牵头申报单位须为山东省境内依法注册成立的具有独立法人资格的单位。各级行政机关单位不得牵头或参与项目申报。
topic5,  奖励项目 涉密项目 销售收入 专项资金 省重点高新技术产品项目申报条件二、省重点高新技术产品项目申报条件（一）申报“发明专利产品年销售收入达到300万元以上”奖励项目的14家企业，共14个项目；（七）涉密项目不得通过网上申报。
topic6,  申请人汇总表 总部型企业经营贡献奖 起止时间 专项资金 总部型企业办公用房一、申请创业担保贷款的企业或申请人汇总表（三）申请新落户总部型企业经营贡献奖（四）申请总部型企业办公用房补贴（一）企业网上展位申请起止时间：（一）企业申请认定时须注册成立一年以上；一、申请创业担保贷款的企业或申请人汇总表（一）申请企业采取虚报、瞒报、骗取专项资金的。三、申请企业应符合以下产业领域：
topic7,  出站条件 省技术创新人才培养对象 评价内容 技术带头人后备人才 云南省中青年学术（一）2016年入选的云南省中青年学术和技术带头人后备人才及省技术创新人才培养对象。（二）培养期满3年以上，已完成培养合同书规定的全部考核指标，业绩突出，且符合提前出站条件的云南省中青年学术和技术带头人后备人才及省技术创新人才培养对象，可申请参加出站评价。（三）申请延期或暂缓出站的云南省中青年学术和技术带头人后备人才及省技术创新人才培养对象。（一）请各州（市）科技局、省属及中央驻滇有关单位高度重视，及时通知有关云南省中青年学术和技术带头人后备人才及省技术创新人才培养对象，围绕出站评价内容，提前做好出站评价申报准备。
topic8,  严重失信行为 建筑业企业资质动态 违法违规行为 虚假材料 欺骗手段（十）近两年来，未出现违法违规行为或严重失信行为。（十五）发生其他科研失信行为的。
topic9,"  独立企业法人资格 合法企业 重庆市范围 企业营业执照 长春净月高新区（一）具有独立的法人资格及合格有效的企业营业执照； （一）投标人必须是在中华人民共和国境内注册并取得营业执照的具有独立法人资格的合法企业；具有有效的企业营业执照。（一）在深圳市依法登记注册,具有独立法人资格的外商投资企业。（一）企业在莞注册、纳税，具有独立法人资格。（二）企业在长春净月高新区内注册，具有独立企业法人资格;（一）须具备注册地在重庆市范围内的独立企业法人资格，具备有效的营业执照；"
topic10,  A类项目 B类项目 科研活动项目经费资助申请对象 生产效益 自有科研成果进行自主创业（二）科研活动项目经费资助申请对象（二）科研活动项目经费资助申报材料（一）A类项目：重点资助数字辽宁、智造强省建设和做好“三篇大文章”等重点领域、重点行业内且依托相关企业开展科研活动的创新、应用型研究项目或进行成果转化、技术转移的项目，以及使用自有科研成果进行自主创业的项目，资助经费额度为5万元。（二）B类项目：重点资助具有较好的研发价值、生产效益的创新、应用型项目或具有一定基础性、原创性和前瞻性的科研项目，资助经费额度为2万元。（四）资助经费：单个项目资助不少于20万元。
topic11,  经营活动 项目政府采购活动时 有关部门 违规记录 重大违法记录（二）在深圳参与的采购活动中无违规记录；（三）近三年内在经营活动中没有重大违法记录，参与本项目政府采购活动时不存在被有关部门禁止参与政府采购活动且在有效期内的情况（提供承诺函）。（三）参与本项目政府采购活动时不存在被有关部门禁止参与政府采购活动且在有效期内的情况（由供应商在《政府采购投标及履约承诺函》中作出声明）。（二）必须承诺参与本项目报价前三年内在经营活动中没有重大违法记录，以及参与本项目政府采购活动时不存在被有关部门禁止参与政府采购活动且在有效期内的情况；
topic12,  宣传活动 外国企业产品销售 企业原则 2020年营业收入 行政法规（三）企业2020年营业收入不超过2亿元人民币。（三）企业原则上2020年营业收入不少于2000万元。《外国企业常驻代表机构登记管理条例》第十四条：代表机构可以从事与外国企业业务有关的下列活动：（一）与外国企业产品或者服务有关的市场调查、展示、宣传活动；（二）与外国企业产品销售、服务提供、境内采购、境内投资有关的联络活动。法律、行政法规或者国务院规定代表机构从事前款规定的业务活动须经批准的，应当取得批准。（二）供应商为非外资独资或外资控股企业。
topic13,  中青年专业技术骨干 高级研修班 高级专业技术职务 贫困地区 管理岗位工作（一）国家级高级研修项目。应面向全国招收学员，学员一般应是具有中高级专业技术职务（职称）的专业技术人员，或在管理岗位工作的经营管理人员，并应向基层一线人才倾斜。（二）自治区级研修培训项目。应当面向全区招收学员，学员一般应具有中高级专业技术职务（职称）的专业技术人员（个别专业领域可放宽至初级）、在实际工作中成绩突出的中青年专业技术骨干、在管理岗位工作的经营管理人员，并应向贫困地区和基层一线人才倾斜。（一）国家级高级研修班在省内举办，研修对象一般应当具有中高级专业技术职务（或职称）的专业技术人员或在管理岗位工作的经营管理人员，每期高级研修项目研修时间为5天左右，每天按7个学时计算，每期学员不少于70人。省级高级研修班在国内举办，研修对象原则上具有中高级专业技术职务（或职称）的专业技术人员或在管理岗位工作的经营管理人员，每期研修项目研修时间为7天左右，每天按7个学时计算，每期学员不少于45人。（二）学员招收。高级研修项目应当面向全国招收学员，学员一般应是具有高级专业技术职务（职称）的专业技术人员，或在管理岗位工作的经营管理人员，并应向边远贫困地区、边疆少数民族地区、革命老区和基层一线人才倾斜。每期学员70人左右。
topic14,  试验条件 实践经验 年度研究 技术带头人 技术开发仪器设备原值（四）有持续稳定的研究开发投入，年度研究与试验发展经费支出额不低于500万元；拥有技术水平高、实践经验丰富的技术带头人，专职研究与试验发展人员数不少于50人；具有比较完善的研究、开发、试验条件，技术开发仪器设备原值不低于800万元。（六）具有比较完善的研究、开发、试验条件，企业上一年度拥有技术开发仪器设备原值不低于500万元（软件和专业技术服务业不低于300万元、建筑业不低于1000万元）。
topic15,  项目技术服务团队 巢湖市污水处理管理处 项目类型 项目单位 服务类二、项目类型：服务类（园林绿化养护）（四）具有5人以上的项目技术服务团队；（一）项目单位：巢湖市污水处理管理处（三）简要说明：本项目共一个标段。
topic16,（六）项目负责人原则上为研究思路的主要提出者和实际主持研究的科研人员，须具有较高的科研水平和创新能力，并能在任务期内主持完成项目研究工作。鼓励青年科研人员作为项目负责人申报项目；鼓励受聘于省内单位的外籍科学家及港、澳、台地区科学家作为项目负责人申报项目，全职受聘人员须由省内聘用单位提供全职聘用的有效材料，非全职受聘人员须由双方单位同时提供聘用的有效材料。中央、地方各级国家机关的公务人员（包括行使科技计划管理职能的其他人员）不得申报项目。
topic17,（二）从事商用密码产品、易制毒化学品进出口的经营者，以及为两用物项出口提供代理、货运、寄递、报关、第三方电子商务交易平台和金融等服务的经营者，可参照本指导意见相关原则和要素，建立相应的内部合规机制。
topic18,（二）没有处于被责令停业或财产被接管、冻结、破产的状态;
topic19,（四）有持续稳定的研究开发投入，年度研究与试验发展经费支出额不低于500万元；拥有技术水平高、实践经验丰富的技术带头人，专职研究与试验发展人员数不少于50人；具有比较完善的研究、开发、试验条件，技术开发仪器设备原值不低于800万元。
topic20,（一）申请条件。市级创新创业载体申请认定为博士创新创业载体应当同时具备以下条件：（二）申报材料。市级创新创业载体申请认定为博士创新创业载体需提交以下材料：
topic21,（一）申报主体包括制造企业、信息技术企业、互联网企业、电信运营商、科研院所、工业园区或其联合体，应在中华人民共和国境内注册，具备独立法人资格，具有较好的经济实力、技术研发和融合发展能力。
topic22,（五）母公司技术中心已是省企业技术中心，其子公司及控股公司当年单独申报省企业技术中心及其分中心不能超过2家。母公司采用子公司及控股公司相关数据申报省企业技术中心的，其相关子公司及控股公司不得另行申报
topic23,（一）在中华人民共和国注册的独立法人，具有独立承担民事责任能力（提供工商营业执照副本，复印件加盖公章）；
topic24,） 项目负责人应起到统筹领导作用，能实质性参与项目的组织实施，防止出现拉本领域高端知名专家挂名现象。（四） 项目负责人应起到统筹领导作用，能实质性参与项目的组织实施，防止出现拉本领域高端知名专家挂名现象。（三） 项目负责人原则上年龄不超过65周岁，应起到统筹领导作用，为本领域领军人物或创新人才，能实质性参与项目的组织实施，防止出现高端知名专家只挂名的现象。（五） 项目负责人应起到统筹领导作用，能实质性参与项目的研究开发或组织实施，防止出现拉本领域高端知名专家挂名现象。
topic25,） 省重点领域研发计划申报单位总体不受在研项目数的限项申报约束，但不鼓励同一研究团队或同一单位分散力量，在申报同一专题时，同一研究团队原则上只允许牵头1项或参与1项，同一法人单位原则上只允许牵头及参与不超过3项，否则纳入科研诚信记录并进行相应处理。（三） 省重点领域研发计划申报单位总体不受在研项目数的限项申报约束，申报单位应在该领域具有显著优势，注重加强资源统筹和要素整合，集中力量开展技术攻关，原则上每个项目的牵头申报单位和参与单位总数不超过10家（含）。不鼓励同一研究团队或同一单位分散力量，在申报同一专项（或专题）时，同一研究团队原则上只允许牵头1项或参与1项，同一法人单位原则上只允许牵头及参与不超过3项（同一项目方向牵头不超过1项），否则纳入科研诚信记录并进行相应处理。（三） 省重点领域研发计划申报单位总体不受在研项目数的限项申报约束，申报单位应在该领域具有显著优势，注重加强资源统筹和要素整合，集中力量开展技术攻关，原则上每个项目的牵头申报单位和参与单位总数不超过10家（含）。不鼓励同一研究团队或同一单位分散力量，在申报同一专项（或专题）时，同一研究团队原则上只允许牵头1项或参与1项，同一法人单位原则上只允许牵头及参与不超过3项，否则纳入科研诚信记录并进行相应处理。（三） 省重点领域研发计划申报单位总体不受在研项目数的限项申报约束，申报单位应在该领域具有显著优势，注重加强资源统筹和要素整合，集中力量开展技术攻关，原则上同一项目牵头单位与参与单位总数不超过6家（含），参加人员不超过15名。不鼓励同一研究团队或同一单位分散力量，在申报同一专项（或专题）时，同一研究团队原则上只允许牵头1项或参与1项，同一法人单位原则上只允许牵头及参与不超过3项，否则纳入科研诚信记录并进行相应处理。（三） 省重点领域研发计划申报单位总体不受在研项目数的限项申报约束，申报单位应在该领域具有显著优势，注重加强资源统筹和要素整合，集中力量开展技术攻关，原则上同一项目牵头单位与参与单位总数不超过10家（含）。不鼓励同一研究团队或同一单位分散力量，在申报同一专项（或专题）时，同一研究团队原则上只允许牵头1项或参与1项，同一法人单位原则上只允许牵头及参与不超过3项，否则纳入科研诚信记录并进行相应处理。（三） 省重点领域研发计划申报单位总体不受在研项目数的限项申报约束，申报单位应在该领域具有显著优势，注重加强资源统筹和要素整合，集中力量开展技术攻关。不鼓励同一研究团队或同一单位分散力量，在申报同一专项（或专题）时，同一研究团队原则上只允许牵头1项或参与1项，同一法人单位原则上只允许牵头及参与不超过3项，否则纳入科研诚信记录并进行相应处理。（三） 省重点领域研发计划申报单位总体不受在研项目数的限项申报约束，项目应依托在该领域具有显著优势的单位，加强资源统筹和要素整合，集中力量开展技术攻关。不鼓励同一研究团队或同一单位分散力量，在申报同一专项（或专题）时，同一研究团队原则上只允许牵头1项或参与1项，同一法人单位原则上只允许牵头及参与不超过3项，否则纳入科研诚信记录并进行相应处理。（三）省重点领域研发计划申报单位总体不受在研项目数的限项申报约束，项目应依托在该领域具有显著优势的单位，加强资源统筹和要素整合，集中力量开展技术攻关。不鼓励同一单位或同一研究团队分散力量，在申报同一专项（专题）时，同一研究团队原则上只允许牵头或参与1项，同一法人单位原则上只允许牵头或参与不超过3项目，否则纳入科研诚信记录并进行相应处理。（四） 省重点领域研发计划申报单位总体不受在研项目数的限项申报约束，但不鼓励同一研究团队或同一单位分散力量，在申报同一专题时，同一研究团队原则上只允许牵头1项或参与1项，同一法人单位原则上只允许牵头及参与不超过3项，否则纳入科研诚信记录并进行相应处理。
topic26,）知识产权分析评议。项目研究成果一般应有高质量的知识产权，请各申报单位按照高质量知识产权分析评议指引（见附件3）的有关要求，加强本单位知识产权管理，提出项目的高质量知识产权目标，并在可行性报告中按要求对此进行阐述并提供必要的佐证支撑材料（可行性报告提纲可在阳光政务平台系统下载），勿简单以专利数量、论文数量作为项目目标。
topic27,一） 技术就绪度与先进性评估。本专项主要支持技术就绪度3～6级的项目，项目完成时技术就绪度一般应达到7～9级，原则上项目完成后技术就绪度应有3级以上提高（技术就绪度标准见附件2），各申报单位应在可行性报告中按要求对此进行阐述并提供必要的佐证支撑材料（可行性报告提纲可在阳光政务平台系统下载）。（一） 技术就绪度与先进性评估。本专项主要支持技术就绪度4～6级的项目，项目完成时技术就绪度一般应达到7～9级，原则上项目完成后技术就绪度应有3级以上提高（技术就绪度标准见附件2），各申报单位应在可行性报告中按要求对此进行阐述并提供必要的佐证支撑材料（可行性报告提纲可在阳光政务平台系统下载）。（一） 技术就绪度与先进性评估。本专项主要支持目前技术就绪度为3～6级的项目，原则上项目完成后技术就绪度应有3级以上提高（技术就绪度标准见附件2），各申报单位应在可行性报告中按要求对此进行阐述并提供必要的佐证支撑材料（可行性报告提纲可在阳光政务平台系统下载）。（一）技术就绪度与先进性评估。本专项主要支持技术就绪度3-6级的项目，项目完成时技术就绪度一般应达到7-9级，原则上项目完成后技术就绪度应有3级以上提高（技术就绪度标准见附件2），各申报单位应在可行性报告中按要求对此进行阐述并提供必要的佐证支撑材料（可行性报告提纲可在阳光政务平台系统下载）。
topic28,六）同一项目不得重复申报、多头申报。同一单位不允许申报2个及以上项目。不接受联合申报。（七）申报单位在我厅无应验未验项目。（四）不接受联合申报；同一单位不得申报同个方向2个及以上项目；同一项目不得重复申报、多头申报。
topic29,二）项目仅面向广东省内省基金依托单位申报，符合申报条件的单位须先在阳光政务平台上申请注册成为省基金依托单位。（二）项目仅面向省基金依托单位申报，项目申报前，申请人所在单位须通过广东省科技业务管理阳光政务平台申请注册为省基金依托单位。
topic30,一）报名截止时间：2020年9月17日下午17:00。报名截止时间为2020年9月7日16:00，逾期不予受理。请报名单位于截止时间前将申报文件（一式五份）及word文档送我厅（服务体系建设处）。报名截止时间为2020年8月18日17:00，逾期不予受理。请报名单位于截止时间前将申报文件（一式五份）及word文档送我厅（服务体系建设处）。  （一）报名时间：2020年8月13日（8:30-12:00，14:00-17:30）。报名截止时间为2020年8月7日17:00，逾期不予受理。请报名单位于截止时间前将申报文件（一式五份）及word文档送我厅（服务体系建设处）。（一）报名时间：2020年7月28日（8:30-12:00，14:00-17:30）。三、大赛报名（报名截止时间：2019年5月20日）（四）材料报送截止时间为2019年3月29日17:30，逾期即不予接收材料。
topic31,二） 坚持需求导向和应用导向。鼓励企业牵头申报，牵头企业原则上应为高新技术企业或龙头骨干企业，建有研发机构，在本领域拥有国家级、省部级重大创新平台，且以本领域领军人物或中青年创新人才作为项目负责人。申报项目必须有自筹经费投入，企业牵头申报的，项目总投入中自筹经费原则上不少于70%；非企业牵头申报的，项目总投入中自筹经费原则上不少于50%。（二） 坚持需求导向和应用导向。鼓励企业牵头申报，牵头企业原则上应为高新技术企业或省级以上农业龙头企业，建有研发机构，在本领域拥有国家级、省部级重大创新平台，且以本领域领军人物或中青年创新人才作为项目负责人。申报项目必须有自筹经费投入，企业牵头申报的，项目总投入中自筹经费原则上不少于70%；非企业牵头申报的，项目总投入中自筹经费原则上不少于50%。（二） 坚持需求导向和应用导向。鼓励产学研联合申报，牵头企业原则上应为高新技术企业或龙头骨干企业，建有研发机构，在本领域拥有国家级、省部级重大创新平台，且以本领域领军人物或中青年创新人才作为项目负责人。申报项目必须有自筹经费投入，企业牵头申报的，项目总投入中自筹经费原则上不少于70%；非企业牵头申报的，项目总投入中自筹经费原则上不少于50%。（二）坚持需求导向和应用导向。鼓励企业牵头申报，牵头企业原则上应为高新技术企业或龙头骨干企业，建有研发机构，在本领域拥有国家级、省部级重大创新平台，且以本领域领军人物或中青年创新人才作为项目负责人。鼓励加大配套资金投入，企业牵头申报的，项目总投入中自筹经费原则上不少于70%；非企业牵头申报的，项目总投入中自筹经费原则上不少于50%（自筹经费主要由参与申报的企业出资）。
topic32,六）项目建设手续齐全且已完工，项目完工时间在2020年7月1日（含）之后。（六）项目已经建成，并取得明显成效。（三）项目固定资产投资额500万元以上。（四）项目投资额500万元以上，其中固定资产投资占比达60%以上。    （一）项目实施地在清远市内。一、清远市科技计划项目绩效评价：
topic33,五）项目原则上未获得过省财政资金专项支持。二、加大制造业投资奖励。省财政设立先进制造业发展专项资金，对“十四五”期间各地级以上市引进、建设先进制造业项目予以支持：支持先进制造业投资奖励，对2021年1月1日至2025年12月31日期间广州、珠海、佛山、惠州、东莞、中山、江门、肇庆市总投资10亿元以上的制造业项目，汕头、韶关、河源、梅州、汕尾、阳江、湛江、茂名、清远、潮州、揭阳、云浮市总投资5亿元以上制造业项目，省财政按其新增实际固定资产投资额不超过2%的比例，分年度对地级以上市政府予以事后奖励，相关奖励资金由地级以上市设定绩效目标，可以用于降低用地或生产运营成本、科研投入、产业园发展、配套建设、公共服务平台建设、设备奖励、贷款贴息、人才奖励、用工或职业技能培训、“工改工”等；支持首台（套）重大技术装备研制与推广应用；对20个战略性产业集群的大型技术改造项目给予奖励，其中珠三角地区技术改造项目按设备购置额不超过20%予以奖励，粤东粤西粤北地区技术改造项目按设备购置额不超过30%予以奖励，原则上企业技术改造政策和制造业投资奖励政策不叠加；支持新建大型产业园区建设等（具体实施细则由省工业和信息化厅会同省财政厅另行印发实施）。（五）项目原则上未获得过省财政资金专项支持。（四）项目原则上未获得过我厅的财政资金专项支持。（一）延续项目动态管理。请各地市工业和信息化主管部门认真梳理核查上一年度已入省级项目库但未获得各级财政资金支持的项目建设情况，将建设情况不佳或已获得其他财政资金支持的项目及时退出省级项目库，建设情况正常且企业自愿继续申报的项目滚动纳入2021年省级项目库储备；已入库项目需调整项目建设计划的，需重新进行论证研究后方可重新入库。
topic34,一）青年基金项目。支持青年科技人员在基金资助范围内自主选题开展基础与应用基础研究，培养青年科技人员独立承担科研项目、进行创新研究的能力，激发青年科技人员的创新思维，培育基础研究后继人才队伍。
topic35,一）项目申报单位（包括企业、科研院所、高校、其他事业单位和行业组织等）应注重产学研结合、整合省内外优势资源。（一） 项目申报单位（包括企业、科研院所、高校、其他事业单位和行业组织等）应注重产学研结合、整合省内外优势资源；同时应注重优选合作单位，原则上同一项目牵头单位与参与单位总数不超过10家（含）。
topic36,一）申报时间：通知发布之日起至2021年6月10日。二、申报截止时间：2020年11月9日二、申报截止时间：2020年11月9日二、申报截止时间：2020年7月21日。    四、申报材料(以申报通知为准)    （一）市工信局发布申报通知。二、申报截止时间：2021年4月26日二、申报截止时间：2021年4月26日
topic37,三）申报单位近5年内获省级财政资金支持项目执行情况良好，在相关绩效评价和监督检查中未发现违法、违规问题；近3年内未发生安全、环保、质量事故。（三）申报单位近5年来在专项资金管理、审计、绩效评价、监督检查等方面未出现过较为严重的违法违规情况。（三）申报单位近5年来在专项资金管理、审计、绩效评价、监督检查等方面未出现过较为严重的违法违规情况。（三）申报单位近5年来在专项资金管理、审计、绩效评价、监督检查等方面未出现过违法违规情况。（三）申报单位近5年内获省级财政资金支持项目执行情况良好，在相关绩效评价和监督检查中未发现违法、违规问题；近3年内未发生安全、环保、质量事故。
topic38,二）有固定的办公场所和必要的办公设施；为便于工作开展，办公及注册地点须在市区范围（清城区及清新区范围） ；
topic39,六）最近三年在经营活动中执业行为合法合规，未受到行政处罚和未有不良记录； （七）最近三年在经营活动中执业行为合法合规，未受到行政处罚和未有不良记录；
topic40,一）法人机构或其他中介组织，具有独立承担民事责任的能力； 
topic41,四）具备承接政府职能转移和购买服务资质，以及良好的业绩和信誉； 
topic42,一）绿色体系建设项目。2020年获得国家级绿色制造称号的工业企业或园区，包括绿色工厂、绿色设计产品、绿色园区、绿色供应链等项目。（二）绿色体系建设项目。对获得国家级绿色工厂、绿色设计产品、绿色园区、绿色供应链等称号的工业企业或园区一次性给予50万元的资金支持。（一）绿色体系建设项目。获得国家级绿色制造称号的工业企业或园区，包括绿色工厂、绿色设计产品、绿色园区、绿色供应链等项目。    一、推行绿色制造是贯彻新发展理念，推动制造业高质量发展的重要举措，各县（市、区）工业和信息化主管部门要高度重视绿色制造工作，按照《通知》提出的具体要求，积极组织发动符合条件的企业、园区开展绿色工厂、绿色设计产品、绿色园区及绿色供应链示范创建申报。各县绿色制造体系建设工作推进落实情况将纳入市年度节能考核范围，对成功入围国家级绿色制造名单的企业和园区，我局将优先给予政策支持。
topic43,四）项目实施必须在广东省境内，应用基础较好，具有行业发展需求和一定规模的客户群体；项目启动时间不得早于2018年9月1日，完工时间不迟于2020年8月31日。（一）平台填报。项目单位在广东省工业企业技术改造监测系统（网址：http://210.76.70.91/Portal/）及时填报项目进度、申请完工评价、申请事后奖补。
topic44,二）智能化改造（机器换人）。扶持企业推动智能制造和应用、利用信息技术改造提升现有产业、培育建设省智能制造示范项目。（二）智能化改造（机器换人）。扶持企业推动智能制造和应用、利用信息技术改造提升现有产业。（一）致力培育智能制造试点示范。重点支持家居、汽车配件、陶瓷、制冷空调、新材料等行业打造智能制造试点示范，树立行业标杆。引导企业应用网络技术、数控技术和智能装备进行智能化技术改造，推动生产方式向柔性、智能、精细化转变。鼓励企业从生产线、生产车间等局部智能化改造向整个工厂的智能化改造拓展。鼓励劳动密集型行业企业引进和购置先进适用设备，推广工业机器人应用。力争到2020年，累计推动50家企业开展智能化改造、培育智能制造试点示范项目10个以上、新增机器人1500台/套以上。〔牵头单位：市经信局，配合单位：市发改局、市科技局、各县（市、区）人民政府〕
topic45,三）申报材料应真实可信，申报单位须对申报材料的真实性、合法性、有效性负责，严禁弄虚作假行为，一经发现，取消立项资格，且申报单位三年内不得申报市级科技计划项目，同时不推荐申报国家和省科技计划项目。（十）有以下情形之一的原则上不得申报：1.项目申报单位有3项以上（含3项）市级科技计划项目在研的；2.项目申报单位有1项以上（含1项）市级科技计划项目逾期1年未结题的；3.项目负责人有2项以上（含2项）市级科技计划项目在研的；4.在专项资金审计过程中发现有重大违规行为的；5.有尚在惩戒执行期内的科研严重失信行为记录和相关社会领域信用“黑名单”记录。
topic46,六）最近三年承接企业投资、财务会计等方面评价项目不少于10项；
topic47,三）清洁生产项目。重点支持2020年开展自愿性清洁生产审核并通过市级及以上清洁生产验收的企业。（三）清洁生产项目。重点支持2019年开展自愿性清洁生产审核并通过市级及以上清洁生产验收的企业。（三）清洁生产项目。重点支持2018年开展自愿性清洁生产审核并通过市级及以上清洁生产验收的企业。（二）清洁生产项目。重点支持2017年开展自愿性清洁生产审核并通过市级及以上清洁生产验收的企业。
topic48,一）以事后奖补方式支持先进装备制造业项目引进和落地建设。对新引进、新建或扩建的有自主知识产权、有核心关键技术、有市场前景的符合聚焦攻坚发展重点的投资额1000万元以上的项目，实行事后奖补。对固定投资已投资额超过固定资产投资总额50%的项目，按照项目已形成固定资产投资总额的5%—10%的标准予以分期奖补。（五）以股权投资方式支持先进装备制造业项目引进和落地建设。以股权投资方式对新引进、新建或扩建的有自主知识产权、有核心关键技术、有市场前景的符合聚焦攻坚发展重点的投资3000万元以上的项目。（五）以股权投资方式支持先进装备制造业项目引进和落地建设。以股权投资方式对新引进、新建或扩建的有自主知识产权、有核心关键技术、有市场前景的符合聚焦攻坚发展重点的投资1亿元以上（含1亿元）的项目。
topic49,、请各地根据省下达的资金额度，抓紧完成资金细化分配和下达工作，切实提高财政资金使用效益。资金项目计划下达文请及时抄送我厅备案。一、请各地根据省下达的2020年先进装备制造业发展专项资金额度，抓紧完成资金细化分配和转下达工作，确保第一季度资金支出进度达到30%，切实提高财政资金使用效益。资金项目计划下达文请及时抄送我厅备案。一、请各地级以上市根据省下达的资金额度，抓紧完成资金分配下达工作，按照序时进度要求尽快形成实际开支，力争一季度涉企资金支出进度达到30%，切实提高财政资金使用效益。各地级以上市资金分配下达计划文件需抄送我厅备案。
topic50,三、申请领券。按照《广东省工业和信息化厅关于开展2019年中小微企业服务券工作的通知》（粤工信服务函〔2019〕696号）要求，每家企业最高可申领服务券2万元。企业必须按要求如实填写《中小微企业声明函》并上传系统，并严格执行有关文件要求。如有弄虚作假、恶意欺骗等违规行为，我局将依据相关规定取消其服务券使用资格，并追究相关责任。
topic51,（二）2018年以来在生产经营活动中无重大违法记录、无不良业绩、无不良信用记录。报名时须提交承诺函。（二）2018年以来在经营活动中无重大违法记录、无不良业绩、无不良信用记录。申报时须提交承诺。（七）申报本项目活动前三年内，在经营活动中无重大违法记录，无不良业绩、无不良信用记录，申报时提供承诺函。
topic52,（一）中期监督检查：按照“注册会计师或高级会计师1名+中级会计师2名+普通人员2名”人员配备要求安排。（二）终期验收：按照“注册会计师或高级会计师3名+中级会计师2名+普通人员2名”人员配备要求安排。（一）中期监督检查：按照“注册会计师或高级会计师1名+中级会计师2名+普通人员2名”人员配备要求安排。（二）终期验收：按照“注册会计师或高级会计师3名+中级会计师2名+普通人员2名”人员配备要求安排，其中5名会计师来自不同单位。
topic53,（三）设备更新。扶持企业实施“机器换人”工程、提升装备水平、鼓励首台（套）装备的使用。支持设备更新换代，淘汰老旧设备。
topic54,（四）公共服务平台建设。重点支持产业共性技术开发、研发设计、成果转化、质量认证、试验检测、信息服务等公共服务平台的建设；支持现有公共服务平台的升级改造。（四）公共服务平台建设。重点支持产业共性技术开发、（四）公共服务平台建设。整合相关资源，重点支持一批在产业共性技术开发、研发设计、质量认证、试验检测、电子商务、信息服务、资源综合利用、人才培训、有资质的第三方中介组织等公共服务平台的建设；支持现有公共服务平台的升级改造。
topic55,发放金额（第三批）：86.7968万元（第一、第二批结余）。    （一）促进小微工业企业上规模（一）会议时间：2018年12月10日（星期一）下午。（一）会议时间：2018年7月19日（星期四 ）下午。
topic56,二、符合以下条件之一的专家优先入选：（一）第三方专业机构应符合以下条件：（三）经营业绩（需至少满足以下四个条件之一）：（一）第三方专业机构应符合以下条件：
topic57,（四）申报单位应在广东省内注册，具有独立法人资格。（一）申报单位须是清远市辖区内具有独立法人资格的单位，财务制度健全。
topic58,（一） 牵头参赛单位须为注册地位于粤港澳大湾区的企业、事业单位、科研院所、高校或其他机构及社会组织。
topic59,（一）项目申报单位（包括科研院所、高校、企业、其他事业单位和行业组织等）应注重产学研结合、整合省内外优势资源。申报单位为省外地区的，项目评审与广东省内单位平等对待，港澳地区高校院所按照《广东省科学技术厅 广东省财政厅关于香港特别行政区、澳门特别行政区高等院校和科研机构参与广东省财政科技计划（专项、基金等）组织实施的若干规定（试行）》（粤科规范字〔2019〕1号）文件精神纳入相应范围。
topic60,（五）同一项目不得重复申报、多头申报；不接受联合申报。（五）项目不得多头申报，不接受联合申报。每一个独立法人单位只能申报一个超高清视频应用示范项目。    （七）项目不得重复申报、多头申报。
topic61,（六）项目申报人本年度只能作为1个科技计划项目的负责人。（三）项目负责人每年度只能申报自筹经费项目1项，属于以下2种情况者不得申报：1.承担市级科技计划项目且到期未申请结题验收的；2.在研市级科技计划项目2项（含2项）以上的。
topic62,（二） 参赛项目须为4K/8K、VR/AR、XR、云游戏、车联网、工业互联网、智慧城市、智慧园区、轨道交通、智慧医疗、智慧教育、能源、航空航天等若干垂直行业，以及在电子商务、游戏娱乐和生活方式等消费领域具有5G特色的创新设计理念、模型和项目应用类作品或项目。
topic63,    （三）重点节能项目。经第三方节能量审核机构确认节能量在500吨标准煤以上、具有市场推广潜力的节能技改示范项目，按400元/吨标准煤的奖励标准给予奖励，单个项目奖励金额最高不超过100万元。    （二）重点节能项目。经第三方节能量审核机构确认节能量在1000吨标准煤以上、具有市场推广潜力的节能技改示范项目，按200元/吨标准煤的奖励标准给予奖励，单个项目奖励金额最高不超过50万元。
topic64,（一）一个项目原则上只能申报一项专项资金。申请单位不得以同一项目重复申报或多头申报专项资金。以同一项目申报多项资金（含各级财政安排的专项资金）支持的，应当在申报材料中注明原因并说明已获得或正在申报的其他资金情况，不接受两个或两个以上企业联合申报。（一）项目申报单位不得以同一实施内容的项目重新申报或多头申报专项资金，同一实施内容的项目确因特殊情况已申报其他专项资金的，必须在申报材料中注明原因。
topic65,（二）业务范围有科研内容的市级以上事业单位；
topic66,（六）具有博士后科研工作站、省级以上重点实验室或国家级工程中心的企业；
topic67,（一）广东省境内依法注册设立的企业、事业或社会组织，具备独立法人资格，在广州市区有固定的办公场所和必要的设施条件；（二）广东省内依法注册的社团组织、科研机构、高等院校或企（事）业单位，具备独立法人资格，在广州市内有固定的办公场所和必要的设施条件。（一）中国境内依法注册且具备独立法人资格的单位，在广东省内有固定的办公场所和必要的设施条件。
topic68,（一）具有独立承担民事责任能力、在中华人民共和国境内登记注册的法人单位或其他组织。
topic69,（一）项目承担单位为在清远市内注册，具有独立法人资格、健全的财务管理机构和财务管理制度，诚信经营、依法纳税的规模以上工业企业以及规下通过技改转规上的工业企业。
topic70,    （四）清洁生产项目。2019年度开展自愿性清洁生产审核并通过市级及以上清洁生产验收的企业，按当年度市级财政资金安排额度择优支持，以每家企业5万元的标准给予一次性奖励。    （四）清洁生产项目。2018年度开展自愿性清洁生产审核并通过市级及以上清洁生产验收的企业，按当年度市级财政资金安排额度择优支持，以每家企业5万元的标准给予一次性奖励。    （三）清洁生产项目。2017年度开展自愿性清洁生产审核并通过市级及以上清洁生产验收的企业，按当年度市级财政资金安排额度择优支持，以每家企业5万元的标准给予一次性奖励。
topic71,（五）经卫健委等部门认定的二甲及以上的医院（不含二级未定等医院）；
topic72,（一）申报单位应是在广东省行政区域内注册、具有独立法人资格和独立健全财务管理制度的企业或机构，具备承担申报项目的条件和能力，运营和财务状况良好，诚信守法，不属于失信被执行人。
topic73,一、清远市行政区域内注册登记且符合DCMM申报条件的企、事业单位自行选择申报，申报单位按照《DCMM贯标试点单位申报书》填报并提供对应证明材料（具体详见《通知》）。项目提交申报材料要求：纸质材料装订成册一式6份，其中《真实性承诺》法定代表人签字并加盖申报单位公章，封面、佐证材料关键页、骑缝加盖申报单位公章；电子材料（不含证明材料盖章扫描件及整套可编辑材料）刻录光盘，一式3个。上述材料于8月20日前按所属地报送至广清产业园、各县（市、区）工业和信息化主管部门。申报单位对提供材料的真实性、合法性、可行性负责，同时需配合相关部门开展项目评审、现场核查等后续工作。一、清远市行政区域内注册登记且符合《广东省大数据/人工智能骨干（培育）企业遴选方案》范围和条件的企业自行选择申报，申报企业按照《广东省大数据/人工智能骨干（培育）企业申报书（2020年)》填报并提供相关证明材料（具体详见《通知》）。项目提交申报材料要求：纸质材料装订成册一式7份，其中《自我声明》、《申报单位意见》法定代表人签字并加盖申报单位公章，封面、佐证材料关键页、骑缝加盖申报单位公章；电子材料（可编辑版本及盖章扫描件）刻录光盘，一式3个。上述材料于8月25日前按所属地报送至广清产业园、各县（市、区）工业和信息化主管部门。申报单位对提供材料的真实性、有效性、可行性负责，同时需配合相关部门开展项目评审入库、现场核查、绩效评价等工作。
topic74,二、申报单位按照《申报材料清单》（详见《通知》附件1-5）填写并提供相关证明材料，于8月20日前将申报材料，包括纸质材料（不含《通知》附件5）装订成册、签字并加盖单位公章，电子材料刻录光盘（可编辑版本及盖章扫描件）送达对应部门。申报单位对提供材料的真实性、有效性负责，同时需配合相关部门开展项目评审入库、现场核查、绩效评价等工作。材料报送方式：申报单位为市直属企事业单位，申报材料分别报送至市工信局（纸质材料一式10份、光盘5个）、对应主管部门（纸质材料一式2份，光盘1个）；申报单位为除市直属以外的企事业单位，申报材料分别报送至所属地县（市、区）工业和信息化主管部门（纸质材料一式14份、光盘9个）、对应主管部门（纸质材料一式2份，光盘1个）。主管部门类别对象划分如下，医院划分至卫生健康部门、学校划分至教育部门、宾馆及酒店划分至商务部门、养老机构划分至民政部门。一、清远市辖区范围内符合《通知》申报条件的园区管理机构（县级以上人民政府或管委会等）按实际情况自行选择申报，申报条件、申报程序等具体要求详见《广东省人工智能产业园区申报指南》。申报单位严格按照《广东省人工智能产业园区申报材料》要求提供相关材料，申报材料提交方式为纸质材料A4纸装订成册，加盖单位公章，一式七份；电子材料刻录光盘，一式三份，纸质材料与电子材料一致。同时申报单位对材料的真实性、合法性、可行性和完成性负责。高新区、广清园请于2019年6月11日前将申报材料报送至市工业和信息化局；其他园区管理机构于2019年6月11日前将申报材料报送至所在地县（市、区）工业和信息化主管部门进行初审。
topic75,（一）中国境内依法注册且具备独立法人资格的单位；
topic76,（一） 粤方牵头申报单位应为依法在广东境内注册、具有独立法人资格并具备良好基础和合作渠道，能为项目实施提供必要条件和资金保障的企业。鼓励省级（含）以上国际科技合作基地依托单位牵头申报。
topic77,2021年度国家科学技术奖提名工作即将启动，为提高我省牵头提名国家科学技术奖的项目质量，推动更多我省牵头项目获奖，现组织开展2021年度国家科学技术奖提名候选项目的征集工作。请各有关单位认真组织遴选，组织项目团队填写《2021年度国家科学技术奖备选项目基本情况表》（见附件），于11月25日前将基本情况表纸质版（一式2份）由第一完成单位或第一完成人的完成单位盖章后报送或邮寄至广东省科学技术奖评审委员会办公室，电子版（word版本及盖章扫描件）发送至指定邮箱。2021年度国家科学技术奖提名工作即将启动，为提高我省牵头提名国家科学技术奖的项目质量，推动更多我省牵头项目获奖，现组织开展2021年度国家科学技术奖备选项目的征集工作。请各有关单位认真组织遴选，组织项目团队填写《2021年度国家科学技术奖备选项目基本情况表》（见附件），于11月25日前将基本情况表纸质版（一式2份）由第一完成单位或第一完成人的完成单位盖章后报送或邮寄至广东省科学技术奖评审委员会办公室，电子版（word版本及盖章扫描件）发送至指定邮箱。
topic78,（一）根据《清远市“扶优计划”试点企业（第一批）申报指南》（见附件，简称《申报指南》），符合条件的企业向属地工信主管部门提出申请并报送申报材料。全套申报材料应当编写封面、目录及页码（模板参考附件2），按申报材料要求排序统一装订成册（A4纸双面胶装印制、一式六份），并在材料封面、相关表格及所有复印件加盖公章，材料侧面加盖骑缝章，另附电子光盘一张。（一）根据《清远市2020年度总部企业认定申报指南》（见附件，简称《申报指南》），符合条件的企业向属地工信主管部门提出申请并报送申报材料。全套申报材料应当编写封面、目录及页码（模板参考附件2），按申报材料要求排序统一装订成册（A4纸双面胶装印制、一式六份），并在材料封面、相关表格及所有复印件加盖公章，材料侧面加盖骑缝章，另附电子光盘一张。
topic79,（二）高新区企服局、各县（市、区）工信主管部门，各省级以上小型微型企业创业创新示范基地、公共服务示范平台等结合实际，制定可对获奖项目实施的政策措施，并按要求填写《创新创业扶持政策措施表》（附件5），同时推荐收集龙头企业创新需求，邀请参与参赛项目对接，并按要求填写《龙头企业创新需求表》（见附件6），届时组委会将统一通过多渠道向社会公布龙头企业需求。请于2019年5月22日前报至市工业局（电子版发至邮箱）。
topic80,（三）已入库工业互联网标杆项目。上一年度已由地市工业和信息化主管部门纳入省级项目库管理且未获得各级财政资金支持、建设进度正常的工业互联网标杆项目，可延续纳入2021年省级项目库（下称“延续项目”）。除延续项目外，2021年原则上不再新增“工业企业工业互联网应用标杆”（即2020年项目入库通知中方向一的项目）进入省级项目库。（一）2021年省级项目库新增入库项目支持方向主要包括“5G+工业互联网应用标杆”和“产业链数字化协同示范标杆”，原则上不再新增“工业企业工业互联网应用标杆”方向项目入库。
topic81,（三）2018年以来承接过党政部门数据处理、经济分析或政策研究等服务内容的项目。以委托协议或合同为准。
topic82,（二）重点节能项目。主要包括企业采用国家公布的《工业领域煤炭清洁高效利用参考技术》，在工业领域实施的煤炭清洁高效利用技术项目；择优支持从电机系统节能、能源系统优化、工业锅炉（窑炉）改造、余热回收利用等方面实施的节能改造项目。实施项目必须是已完工项目（完工期在2020年1月1日至2020年12月31日）且年节能量在500吨标准煤以上。（二）重点节能项目。主要包括企业采用国家公布的《工业领域煤炭清洁高效利用参考技术》，在工业领域实施的煤炭清洁高效利用技术项目；择优支持从电机系统节能、能源系统优化、工业锅炉（窑炉）改造、余热回收利用等方面实施的节能改造项目。实施项目必须是已完工项目（完工期在2019年1月1日至2019年12月31日）且年节能量在500吨标准煤以上。
topic83,（二）以贴息方式支持先进装备制造业项目引进和落地建设。对新引进、新建或扩建的有自主知识产权、有核心关键技术、有市场前景的符合聚焦攻坚发展重点的投资1000万元以上的项目，按不高于同期银行贷款基准利率予以贴息支持，予以贴息的借款总额不超过项目完工形成的固定资产总额的70%。（二）以贴息方式支持先进装备制造业项目引进和落地建设。对新引进、新建或扩建的有自主知识产权、有核心关键技术、有市场前景的符合聚焦攻坚发展重点的投资3000万元以上的项目，按不高于同期银行贷款基准利率予以贴息支持，予以贴息的借款总额不超过项目完工形成的固定资产总额的70%。
topic84,一、支持民营企业上市融资项目（共支出748.15万元）二、支持民营企业到新三板挂牌项目（共支出50万元）
topic85,（二）重点节能项目。主要包括企业采用国家公布的《工业领域煤炭清洁高效利用参考技术》，在工业领域实施的煤炭清洁高效利用技术项目；择优支持从电机系统节能、能源系统优化、工业锅炉（窑炉）改造、余热回收利用等方面实施的节能改造项目。实施项目必须是已经完成（完工期在 2018年1月1日至2018年12月31日）且年节能量在500吨标准煤以上。（一）重点节能项目。主要包括企业采用国家公布的《工业领域煤炭清洁高效利用参考技术》，在工业领域实施的煤炭清洁高效利用技术项目；择优支持从电机系统节能、能源系统优化、工业锅炉（窑炉）改造、余热回收利用等方面实施的节能改造项目。实施项目必须是已经完成（完工期在2017年1月1日至 2017年12月31日）且年节能量在1000吨标准煤以上。
topic86,（二）不得重复申报、多头申报，不允许联合申报，已通过其他渠道获得过省级财政资金支持的项目，不得参与本次申报；已牵头（或单独）承担过省级促进经济高质量发展专项资金扶持项目的企业或机构，截至本通知发布时，如有到期（项目实施期包括经批准同意的延期时间）未验收项目的，不得再申报。
topic87,（二）项目资金分配。经评审通过且已投入资金达到总投入30%以上的项目，将通过直接补助方式予以扶持。其中，人工智能计算平台类单个项目财政资金扶持总额不超过1000万元，其他方向单个项目财政资金扶持总额不超过500万元，扶持比例原则上不超过项目总投入额的30%。资金最终分配方案还将结合各地市项目推荐情况、项目评审情况、专项资金年度预算额度及以往专项资金使用情况等因素综合考量。请各地市工业和信息化局认真履行前端审核部门初审职责，核实项目资金投入额，避免项目夸大资金投入额度。鼓励省市县（区）对入库储备项目予以配套支持。
topic88,    （五）不得支持已获得省、市技术改造项目专项资金（除股权投资项目外，按照有关文件落实）但未按规定完工验收的项目单位申报。（七）2018年前已获得省、市技术改造项目专项资金（除股权投资项目外，按照有关文件落实）但尚未完成完工评价或验收的企业原则上不支持申报。
topic89,（二）中小微企业融资补贴（融资再担保代偿及担保降费补助、贷款贴息、应收账款融资奖励）
topic90,在第七条专项资金支持的方向及标准，（一）支持中小企业高质量发展中增加：3、加大“国家技术创新示范企业”培育力度，引导中小企业走技术创新发展道路。对新获认定、三年一次评价通过的“国家技术创新示范企业”分别给予100万、30万一次性补助。
topic91,（二）杰出青年项目。支持在基础与应用基础研究方面已取得一定成绩的优秀青年学者自主选择研究方向开展创新研究，促进青年科学技术人才快速成长，培育一批有望进入国家和世界科技前沿的优秀学术骨干。
topic92,（四）支持先进装备制造业公共服务平台建设。以事后奖补方式支持总投资额800万元以上的先进装备制造业公共服务平台建设，支持符合聚焦攻坚发展重点、公共性和产业服务能力强的公共服务平台。奖励资金额度不超过项目已完成的固定资产投资额的30%。
topic93,（五）项目总投资额珠三角地区（不含肇庆、惠州、江门）不低于2000万元、粤东粤西粤北地区（含肇庆、惠州、江门）不低于1000万元，其中设备投资不低于固定资产投资的20%。    （一）加强一般工业固体废物资源化利用项目。项目总投资额粤东西北地区（含肇庆、惠州、江门）在1000万元以上（含）的在建项目，其中设备投资不低于固定资产投资的20%，单个项目工业固体废物综合利用能力不低于10万吨/年。
topic94,三、申报集成电路企业或项目可结合参阅《重点集成电路企业税收优惠政策宣讲》（详见附件2），相关问题可咨询广东省集成电路行业协会蒋振韬（联系电话：020-82110975，13642313065）。企业申报纸质材料一式五份，刻录光盘三张，于4月12日前分别报送至市工业和信息化局301室（纸质材料一式三份，光盘两张）、企业所属地县（市、区）工业和信息化主管部门（纸质材料一式两份、光盘一张）。四、申报软件企业可结合参阅《国家鼓励的重点软件企业税收优惠政策文件汇编》（详见附件3），相关问题可咨询广东软件行业协会张玩春（联系电话：020-38263353）。企业申报纸质材料一式七份，刻录光盘三张，于4月12日前分别报送至广东软件行业协会（纸质材料一式三份，光盘一张，邮寄地址：广州市天河区员村一横路7号广东软件大厦501）、市工业和信息化局301室（纸质材料一式两份，光盘一张）、企业所属地县（市、区）工业和信息化主管部门（纸质材料一式两份、光盘一张）。
topic95,现将《广东省经济和信息化委关于组织开展广东省工业和信息化领域电子商务第一批示范和第二批试点工作的通知》（粤经信生产函〔2018〕25号）转发给你们，请你们根据通知所列的条件和要求，积极发动本地区符合条件的工业园区、工业企业、电子商务公共服务平台、电商创业孵化中心（园）等企事业单位，申报广东省工业和信息化领域电子商务的示范或试点，并于8月10日前将申报材料（一式三份，附光盘）报市经信局，由我局审核汇总后统一推荐给省经信委。   现将《广东省经济和信息化委关于组织开展广东省工业和信息化领域电子商务试点示范工作的通知》（粤经信生产函〔2017〕23号）转发给你们，请你们根据通知所列的条件和要求，动员本地区符合条件的工业园区（开发区）电子商务服务中心、电子商务公共服务平台、电商创业孵化中心（园）、为工业企业提供服务的电子商务平台等企事业单位、政府设立的管理机构或其他组织，申报广东省工业和信息化领域电子商务试点示范，并于7月24日前将申报材料（一式三份，附光盘）报市经信局，由我局审核汇总后统一推荐给省经信委。
topic96,"一、清远市行政区域内注册登记的企业按照《光伏制造行业规范条件（2021年本）》和《印制电路板行业规范条件》要求自愿申报。申报企业严格按照《通知》要求，填写对应的行业规范公告申请书并提供相关证明材料，于2021年6月7日前将纸质申报材料（A4纸装订成册，加盖单位公章，一式七份）和电子版申报材料（光盘3张），分别报送至市工业和信息化局信息化科302室（纸质材料一式五份，光盘两份）、所在地县（市、区）工业和信息化主管部门（纸质材料一式两份，光盘一份）。请光伏制造企业通过“光伏行业运行监测和项目管理平台”（pv.miit.gov.cn）同步在线申报。申报单位对提供材料的真实性、有效性负责。一、清远市行政区域内注册登记的企业按照《印制电路板行业规范条件》和《印制电路板行业规范公告管理暂行办法》要求自愿申报。申报企业严格按照《印制电路板行业规范公告申请书》填写并提供相关证明材料，于11月28日前将申报材料（纸质材料，装订成册，加盖单位公章，一式七份；电子材料刻录光盘三份）分别报送至市工信局信息化科302室（纸质材料一式五份，光盘两份）、所在地县（市、区）工业和信息化主管部门（纸质材料一式两份，光盘一份）,逾期不再接收。申报单位对提供材料的真实性、有效性负责。"
topic97,广东省工业和信息化厅关于公开遴选广东省工业企业技术改造监测系统（二期）业务运营服务项目承担单位的通告@@##2020-10-30@@##为保障“广东省工业企业技术改造监测系统（二期）”正常运行，根据广东省政务服务数据管理局的批复要求，以及省财政资金使用管理的有关规定，现公开遴选广东省工业企业技术改造监测系统（二期）业务运营服务项目承担单位。现将有关事项通告如下：一、广东省工业企业技术改造监测系统简要情况
topic98,一、申报主体包括制造企业、信息技术企业、互联网企业、电信运营商、高校及科研院所等，申报主体应在广东省内注册、具备独立法人资格，具备良好的经济实力、技术研发和融合创新能力。申报主体不具备独立法人资格，应获得上级独立法人公司授权后再参加申报。（一）申报主体包括制造企业、信息技术企业、互联网企业、电信运营商、科研院所、工业园区或其联合体，应在清远市注册登记，具备独立法人资格，具有较好的经济实力、技术研发和融合发展能力。
topic99,（一）支持范围。高耗能企业为向高技术制造业转型升级、实施节能技术改造的项目贷款，主要包括银行贷款、省级以上金融监管部门批准的企业发债等符合本细则规定的借款。
topic100,（一）申报企业根据《申报指南》要求，首先申请遴选为清远市“扶优计划”试点企业（遴选的试点企业不超过60家）；
topic101,（二）请有意向享受服务券扶持政策的中小微企业，登录服务券管理系统，完成在线注册、上传资料，经核对通过后，企业获得服务券申领资格。（二）请有意向享受服务券扶持政策的企业，登录服务券管理系统，完成在线注册、上传资料，经核对通过后，企业获得服务券申领资格。
topic102,本项目主要是为广东省工业企业技术改造监测系统（二期）提供全面的业务运营服务，包括系统日常需求梳理、信息化咨询服务、业务数据统计导出服务、系统优化管理等。（三）项目业务运营工作方案。包括系统日常需求梳理、信息化咨询服务、业务数据统计导出服务、系统优化管理等工作方案。
topic103,（二）能组织专业服务团队，团队成员不少于6人。（二）组织固定的服务团队和技术设施，在接到服务通知后，响应到场时间为48小时。
topic104,（三）申请人未被列入“信用中国”网站中“记录失信被执行人或重大税收违法案件当事人名单或政府采购严重违法失信行为”的记录名单；不处于“中国政府采购网”中“政府采购严重违法失信行为信息记录”的禁止参加政府采购活动期间。
topic105,（六）机构自成立以来无违法违规行为，社会信誉好；不处于被责令停业的状态；不处于财产被接管、冻结、破产的状态；近3年内机构主要负责人没有因违反有关管理规定受到刑事处罚。（四）机构自成立以来无违法违规行为；不处于被责令停业状态；不处于财产被接管、冻结、破产的状态；近3年内机构主要负责人没有因违反有关管理规定受到刑事处罚等。（报名和申报材料需提供承诺函）
topic106,（二）须为省级中小企业公共服务示范平台、省级小型微型企业创业创新示范基地并处于有效期内。2018年认定的国家示范平台（基地）将于2021年12月31日失效，原示范平台（基地）可自愿重新申报。
topic107,（二）被确定为清远市“扶优计划”的试点企业，结合自身条件，根据清府办〔2020〕36号文开展各项扶持政策项目申报工作（注：具体申报通知由各政策落实部门另行下达）；
topic108,（三）各试点企业获得清远市“扶优计划”专项资金的支持额度视各项目申报情况而定，具体奖补标准按清府办〔2020〕36号文执行。
topic109,（一）以货物运输车辆为对象，运用大数据等技术手段挖掘汇总广东省高速公路货物运输数据，形成相关报表。（二）以高速公路出入卡口为对象，运用大数据等技术手段挖掘汇总广东省高速公路货物运输数据，形成相关报表。
topic110,一、采集对象为辖区内从事制造业的企业法人。三、采集对象：辖区内从事制造业独立核算、已有生产经营活动的企业法人单位，重点采集规模以上制造业企业。同时，基本保持第一、二、三季度已录入系统的企业。
topic111,（三）贴息的对象。在清远市境内注册、具有独立法人资格、健全的财务管理制度、年综合能源消费量5000吨标准煤以上的实施节能技术改造的工业企业。重点支持对生产线、重大生产设备、工艺装备等方面实施的节能技改示范项目。
topic112,一、开展2020年第三批服务券发放工作我市已完成第一、第二批服务券发放工作，截止目前，兑现率18.4%。为进一步提高资金使用率，扩大企业的政策受益面，我局将视第一、第二批服务券退券情况，开展第三批服务券发放工作，若第三批服务券发放后仍有退券情况，将按第三批服务券申领顺序依次递补。
topic113,五、兑现。今年我市计划分两批兑现服务券，第一批兑现时间：2020年7月1日-7月17日，接受2020年6月30日前完成的服务合同的兑现申请；第二批兑现时间：2020年10月26日-11月6日（具体时间以兑现通知为准），接受2020年10月31日前完成的服务合同的兑现申请。服务机构收取企业的服务券后，可于兑现时间内向我市承办单位清远市中小企业服务中心提交兑现申请。
topic114,本次大赛企业组和创客组各设4个奖项（一等奖1名、二等奖2名、三等奖3名、优秀奖5名），分别给予奖金奖励和颁发奖杯，赛后按照要求向“创客广东”大赛组委会择优推荐10名项目（创业组和创客组各前5名）。同时给予相应政策扶持、专项培训、宣传推广、融资对接服务等后续服务（具体见附件1）。
topic115,（三）支持首台（套）重大技术装备的研发与使用。对符合《工业和信息化部首台（套）重大技术推广应用指导目录》《广东省首台（套）重大技术装备推广应用指导目录》要求的装备产品，实现销售后对研制企业进行奖励，原则上按单台（套）售价的30%给予奖励。
topic116,（一）在广东省行政区域内注册、具有独立法人资格和健全的财务管理制度的企事业单位。
topic117,二、请其他各地市按《通知》明确的试点示范内容及申报条件，组织本地区单位自愿申报。珠三角国家大数据综合试验区8市（不含深圳）原则上推荐项目数量不超过4个，其他地市原则上推荐项目数量不超过3个；获评“广东省大数据综合试验区”的地区推荐项目不占用地市推荐名额，原则上数量不超过2个；省属企业及相关单位推荐数量不超过2个。
topic118,（三）报名单位至少承担过3个以上国防动员相关项目。
topic119,（二）以申报货物进出口业务的单位为对象，运用大数据等技术手段挖掘汇总各类型单位的货物进出口数据，形成相关报表。
topic120,（二） 牵头申报单位须在粤登记注册，具有法人实体资格。鼓励高水平大学和科研院所、省实验室、龙头骨干企业等牵头或参与申报。牵头单位应加强组织引导，凝练产业发展急需的重大基础与应用研究项目，坚持高标准、高水平和宁缺毋滥原则，严格控制申报数量。
topic121,一、项目入库申报支持范围、对象、方式及条件要求详见《通知》。符合申报条件的医院、学校、宾馆、酒店、养老机构等企事业单位按照实际情况选择类别（类别1 超高清（4K/8K）电视机，类别2 符合4K/8K 标准的单个10平方米以上大屏幕商用显示，类别3 带4K/8K 显示屏的多媒体一体机）申报，每一个独立法人单位只能申报一个超高清视频应用示范项目。项目不得多头申报，不接受联合申报。
topic122,一、在清远市行政区域内注册登记、符合《通知》申报要求的企事业法人单位自行选择申报。项目入库储备分为支持新一代信息技术产业发展（专题1）、支持产业集聚发展（专题2）、支持超高清视频应用示范（专题3）共三个专题。
topic123,"八、强化高素质人才支撑。深入实施“广东技工”工程、“湾区人才”工程。对全省总投资50亿以上先进制造业项目单位赋予高级职称（含正高和副高）评审权，由项目单位制定评审标准条件；对沿海经济带东西两翼和北部生态区总投资10亿以上先进制造业项目单位赋予副高级职称评审权。支持各地根据先进制造业项目需求，多渠道组织线上线下人才专场招聘会，支持企业引进、培育高层次人才。鼓励经营性人力资源服务机构为先进制造业项目提供免费服务，各地可根据服务人数、人才类型等对提供服务机构给予就业创业服务补助。支持先进制造业项目单位建设“人才驿站”。引导职业院校（含技工院校）重点建设20个与战略性产业集群相匹配的专业集群。在先进制造业项目单位及企业推行现代学徒制和企业新型学徒制，符合条件的按规定给予培训补贴，鼓励地市参照实施。中等职业学校、技工院校应届毕业生到沿海经济带东西两翼和北部生态区制造业企业就业，符合条件的可参照高校毕业生给予每人5000元的基层就业补贴。鼓励各地制定本地先进制造业项目团队或项目所在企业高管人才薪酬补贴政策,推广人才“一站式”服务，在居住、社会保障、户籍、就医、子女入学等方面提供政策和便利服务。"
topic124,（一）项目申报单位（包括企业、科研院所、高校、其他事业单位和行业组织等）应注重产学研结合、整合省内外优势资源；同时应注重优选合作单位，原则上同一项目牵头单位与参与单位总数不超过6家（含），项目组成员名单不超过15名（含）。
topic125,（一）申报单位须是清远市辖区内具有独立法人资格，研发基础条件和运行机制良好，资信度高，财务制度健全，有可靠的技术基础和经济依托的单位。
topic126,二、清远市行政区域内注册登记且符合申报要求的申报企业对照本次项目入库申报方向（三个方向：人工智能数据服务平台、人工智能计算平台、人工智能算法应用平台）选择申报，各方向建设内容、实施目标要求详见《新一代人工智能基础设施项目申报指南》，申报材料要求详见《申报材料清单》。项目提交申报材料要求：纸质材料装订成册，法人代表签字并加盖单位公章，一式10份；电子材料（可编辑版本及盖章扫描件）刻录光盘3个，于8月6日前按所属地报送至广清产业园、各县（市、区）工业和信息化主管部门；8月12日前自行登录省工信厅财政专项资金管理系统http://210.76.80.141完成线上申报。申报单位对提供材料的真实性、有效性负责，同时需配合相关部门开展项目评审入库、现场核查、绩效评价等工作
topic127,（二）上一年度已由我局纳入2020年省级项目库管理的6个工业互联网标杆示范项目，可延续纳入2021年省级项目库。有关项目建设情况核查与现场抽查等工作要求，我局将另行通知。
topic128,（一）加强财政引导支持。积极指导、组织技术改造项目企业争取申报省级、市级财政扶持资金的支持。2018-2020年市级财政预算安排（包括竞争性专项和普惠性事后奖补）技术改造后补专项资金。通过一次性奖补和普惠性事后奖补等方式，支持单个项目投资额在500万元以上的规模以上工业企业已完工的技改项目。
topic129,二、清远市行政区域内符合申报专题1 支持半导体和集成电路产业发展项目条件的企业按照申报方向选择申报。选择申报方向1 高端电子元器件产业化项目按照《高端电子元器件产业化项目申报指南》填报并提供对应支持材料；选择申报方向2芯片产品量产前首轮流片项目按照《芯片产品量产前首轮流片项目申报指南》填报并提供对应支持材料。项目申报纸质材料装订成册，法人代表签字并加盖单位公章，一式8份；电子材料（可编辑版本及盖章扫描件）刻录光盘2个，上述材料于7月30日前报送至所属地县（市、区）工业和信息化主管部门。申报单位对提供材料的真实性、有效性负责，同时需配合相关部门开展项目评审入库、现场核查、绩效评价等工作。
topic130,（四） 项目申报内容已获得国家或省重大重点项目支持的，原则上不再重复立项资助。
topic131,（一）贷款贴息(事后奖补)。对年纳税额在1000万元以上先进制造业、高技术制造业实施技术改造项目进行固定资产贷款贴息奖励。贷款贴息额依据金融机构出具贷款合同及相关有效凭证予以认定，贴息按照“先付后贴”方式，最高不超过当期由人民银行授权全国银行间同业拆借中心计算并公布的贷款市场报价利率（LPR），贷款贴息奖励金额单个企业一次性最高奖励不超过150万元。贴息时间原则上按技改项目备案之日起，建设期限2年内已完工的项目。因逾期归还银行贷款等原因产生的逾期贷款利息、加息、罚息等，不予奖励。
topic132,（一）由市经信部门会同财政部门，按照事前备案、事中报告、事后奖补的原则，对重点节能项目采取以奖代补的方式，奖励金额与实际节能量挂钩。清洁生产项目采取一次性奖励的支持方式。
topic133,（一）使用范围：工业企业技术改造项目、绿色发展项目、“两化”融合项目、中小微企业发展基金。
topic134,（五）非医疗卫生领域社会发展科技创新项目。
topic135,（五）项目负责人须具有中级技术职称以上或硕士研究生以上学历，年龄不超过60周岁。
topic136,五、已通过省通信管理局、中央企业和部属单位推荐的项目不再重复推荐。安全集成创新应用方向项目通过2020年网络安全技术应用试点示范工作另行组织申报遴选，不纳入本次推荐范围。
topic137,（四）联合基金主要用于支持公共卫生和医药健康领域的基础与应用基础研究，以公益性、基础和应用基础研究为主。重点支持领域和方向由联合资助各方共同商定。
